time,close,count,high,low,open,volume,vwap,return,log return,mvavg_50,mvavg_100,mvavg_200,mvavg_3h,mvavg_6h,mvavg_12h,mvavg_2d
2017-01-01 00:00:00,965.03,33.0,967.79,965.03,966.61,27.30772098,967.0783933732175,-0.001603592046183544,-0.0016048791761137534,6.140479018214877e-05,4.995021529248987e-05,2.695550518314879e-05,0.00025599798728669,9.682789403185246e-05,0.0002624323449585736,-2.675459666025897e-05
2017-01-01 00:15:00,966.47,26.0,966.48,965.0,965.02,35.40243651,965.3590698569118,0.0014921815902095847,0.0014910693935226487,6.249085937263456e-05,4.988433545842793e-05,2.676580178352852e-05,0.0003438818195506466,0.0001619852858393782,0.00029131021160634185,-2.430162106738446e-05
2017-01-01 00:30:00,966.01,16.0,967.68,965.42,966.46,19.8962961,966.6851751975531,-0.00047595890198359747,-0.0004760722063753685,6.23625832667392e-05,4.98417043595072e-05,2.677435180309338e-05,0.0002609298831326823,8.765160910217278e-05,0.00024142724980258718,-2.6191096845347094e-05
2017-01-01 00:45:00,967.0,16.0,967.0,966.03,966.63,12.95816084,966.8455892929941,0.0010248341114480475,0.0010243093274837883,6.312655360930246e-05,4.9995393766941266e-05,2.690980395936865e-05,0.00034715435856818,0.00012903447719041315,0.00020938199694795056,-1.607951412837054e-05
2017-01-01 01:00:00,967.2,10.0,967.2,967.0,967.0,10.34523415,967.0783317214723,0.00020682523267834263,0.00020680384728854773,6.352580810131439e-05,5.008833236722121e-05,2.691876914618256e-05,0.00036352264769703486,0.00013808352875158757,0.00025398890185050185,1.615513060997355e-07
2017-01-01 01:15:00,967.0,9.0,967.25,967.0,967.2,7.02676101,967.1798239972447,-0.0002067824648470662,-0.00020680384728867708,6.338632271117565e-05,4.995536346873458e-05,2.678534718078336e-05,0.00032898358436927685,0.00019002244101191837,0.00023616636170612653,-1.2910562281176696e-05
2017-01-01 01:30:00,965.6,35.0,966.9,965.5,966.1,35.69798121,965.9036749760306,-0.0014477766287487315,-0.001448825669972604,6.21229169644381e-05,4.987755454036483e-05,2.6784706299642334e-05,0.00014252031148689727,0.00011753651423508604,0.00022167713931108785,-1.3090670565433262e-05
2017-01-01 01:45:00,965.5,13.0,965.59,965.5,965.59,7.59251763,965.5346318023107,-0.00010356255178134433,-0.00010356791475268192,6.20083330640714e-05,4.98441313188007e-05,2.6742340025458957e-05,-1.7262034228724043e-06,0.0002380340586119931,0.0002411189359759719,-3.4512988500240487e-06
2017-01-01 02:00:00,965.59,4.0,965.59,965.59,965.59,1.01942054,965.59,9.321595028488616e-05,9.321160594816462e-05,6.231271809021677e-05,4.994440997520242e-05,2.697304347293076e-05,4.057229458619289e-05,0.000308811822180638,0.00024284255605856275,-3.397073331588204e-06
2017-01-01 02:15:00,966.0,20.0,966.59,966.0,966.2,1.45928693,966.32540943473,0.00042461085968170664,0.0004245207380008206,6.217431863522104e-05,4.995901308721444e-05,2.694176528301496e-05,8.112988671547198e-05,0.00023704290551688025,0.0002623855591069852,1.0254221573847176e-05
2017-01-01 02:30:00,965.11,34.0,966.0,965.1,966.0,58.33933993,965.5218270044628,-0.0009213250517597915,-0.0009217497325513633,6.239252715341466e-05,4.986299749007367e-05,2.688200123875352e-05,-0.00016044889226495137,0.00018735957989696316,0.00024318243967883185,1.020961469466363e-05
2017-01-01 02:45:00,965.0,13.0,965.1,965.0,965.1,9.0221,965.0558231985901,-0.00011397664514922745,-0.00011398314098063393,6.22523185035622e-05,4.978495019091191e-05,2.689505679443135e-05,-0.00013633056464931663,0.00020560142137386164,0.00024102619141299722,6.804961719605991e-06
2017-01-01 03:00:00,965.0,5.0,965.01,965.0,965.01,7.27929,965.0000149602502,0.0,0.0,6.21591956263773e-05,4.984415657620779e-05,2.6787525910243847e-05,-2.5906333065038602e-06,0.00012670367699019717,0.0001277657626058473,1.1725191647208952e-05
2017-01-01 03:15:00,963.36,55.0,965.01,963.16,965.0,37.3704495,964.755443057373,-0.001699481865285013,-0.001700927622848263,6.17873797985599e-05,4.966871848930476e-05,2.667276453376938e-05,-0.0002685903846707465,3.764571744005418e-05,7.278935946366433e-05,3.3464921218597685e-05
2017-01-01 03:30:00,963.9,25.0,964.02,963.37,963.37,11.741945699999999,963.8557047388828,0.0005605381165918466,0.0005603810737846829,6.190994432855217e-05,4.9727091517824e-05,2.6690223310472914e-05,-0.00018221927799074225,3.9355302571074165e-05,0.00015380666964906549,2.4372217301844504e-05
2017-01-01 03:45:00,964.49,3.0,964.49,963.75,963.75,0.30810179,964.2716491731514,0.0006120966905280856,0.0006119094357569287,6.19443493883805e-05,4.978734836555513e-05,2.66634944846011e-05,-0.0002165859356346472,6.528421146687048e-05,0.00018114829961330344,5.270060820587043e-05
2017-01-01 04:00:00,963.68,31.0,963.84,962.79,963.84,25.13487994,963.5213353409312,-0.0008398220821367319,-0.000840174930268488,6.232547837962325e-05,4.9698088328095066e-05,2.6648575926510085e-05,-0.0003038341670977335,2.984424029975477e-05,0.00010185561847487123,9.473478314446565e-05
2017-01-01 04:15:00,963.08,27.0,963.9,962.9,963.28,5.19194492,963.328711868134,-0.0006226133156232994,-0.0006228072197827468,6.21724021722843e-05,4.9634954391591466e-05,2.6547667795624857e-05,-0.0003385011148055727,-4.758765218043817e-06,7.346180060888642e-05,8.978508634482233e-05
2017-01-01 04:30:00,961.33,61.0,962.9,961.26,962.9,32.02762169,962.1752392801855,-0.0018170868463679435,-0.0018187397512895852,6.167399992299018e-05,4.9448986052659044e-05,2.6486264726233844e-05,-0.0003693272882486544,-0.00011340348838077446,1.322372858147614e-05,5.183493376878257e-05
2017-01-01 04:45:00,962.6,12.0,962.99,962.13,962.9,18.21571267,962.7265771298474,0.001321086411534056,0.0013202145446705206,6.194904461979653e-05,4.958650840106222e-05,2.6109187942967657e-05,-0.00025067874996338756,-0.00012620247669302585,1.298971256880569e-05,6.648713646615197e-05
2017-01-01 05:00:00,962.96,23.0,963.0,962.11,962.98,24.30235519,962.8950475280661,0.0003739871182215637,0.00037391720247044956,6.202985781026772e-05,4.9625458109652894e-05,2.6996933607340654e-05,-0.00022728661691986385,-9.335716116673134e-05,2.0779654286940056e-05,3.4785482510857095e-05
2017-01-01 05:15:00,962.98,6.0,963.0,962.95,962.97,5.16459509,962.9679853986385,2.076929467476063e-05,2.0769078995946314e-05,6.203418470172521e-05,4.962762155538164e-05,2.703981138515611e-05,-0.00026093258850360334,-8.990135089396154e-05,3.637725163969061e-05,6.96937646851314e-05
2017-01-01 05:30:00,964.03,23.0,964.92,962.56,962.9,58.73386358,963.469213039288,0.001090365324305731,0.0010897713077929667,6.22583066175589e-05,4.97411393999434e-05,2.7195742892551586e-05,-9.330583514157585e-05,-0.00012687736370315948,-2.052002661130307e-05,7.915320895967006e-05
2017-01-01 05:45:00,964.88,10.0,965.2,963.33,963.7,2.84123869,964.0720874537998,0.0008817152993163546,0.0008813268167190926,6.278894183137585e-05,4.991135876051041e-05,2.714338172830007e-05,-1.0363338666598634e-05,-7.33469516578535e-05,1.9433374632584333e-06,8.259164596914556e-05
2017-01-01 06:00:00,963.71,12.0,964.95,962.72,963.9,21.06854573,963.1752800971751,-0.0012125860210595585,-0.0012133217983444355,6.245154394200015e-05,4.9795430799063144e-05,2.705928529985113e-05,-0.00011147348852863493,-5.703206091746526e-05,1.9897916557158918e-05,7.660132327693302e-05
2017-01-01 06:15:00,962.83,2.0,962.83,962.83,962.83,6.0,962.83,-0.0009131377696609544,-0.0009135549339257766,6.226121999743229e-05,4.9698525466193626e-05,2.7072617841635757e-05,-4.585909778509438e-05,-0.00015722474122781632,2.38027230574627e-06,9.239588189368628e-05
2017-01-01 06:30:00,964.94,45.0,967.24,963.36,963.49,38.9647903,965.2314150447078,0.0021914564357154998,0.002189058697447672,6.276979416583738e-05,4.992829577443001e-05,2.7144802423198853e-05,8.986403752015471e-05,-4.6177620235189626e-05,2.0736994433456895e-05,9.719395316721072e-05
2017-01-01 06:45:00,967.45,34.0,967.45,964.5,964.95,39.63114388,965.5646245071163,0.002601198001948246,0.0025978207417727637,6.306019602971562e-05,5.0296576890900326e-05,2.7316476631141436e-05,0.0002553566463548076,1.9385355360184348e-05,7.420991627526406e-05,0.00010220740974890818
2017-01-01 07:00:00,967.41,13.0,967.41,966.48,966.48,6.97281381,966.6723512978476,-4.1345805984915884e-05,-4.134666074631277e-05,6.292628988682278e-05,5.032368487568467e-05,2.72234431268632e-05,0.0003219256688149889,9.04575085873183e-06,7.3564639805125e-05,9.45306586781875e-05
2017-01-01 07:15:00,966.67,5.0,967.01,966.6,967.0,14.306694,966.9767467173058,-0.0007649290373265005,-0.0007652217448190656,6.263291848223254e-05,5.015498990797775e-05,2.7120972935410942e-05,0.000310057791728629,-1.4221661538367697e-05,8.790038973674062e-05,8.36966352716329e-05
2017-01-01 07:30:00,966.21,6.0,966.56,966.21,966.56,3.46288316,966.5513023748967,-0.000475860428067465,-0.00047597368557223356,6.272888733266968e-05,5.0162978756406826e-05,2.710888102440596e-05,0.0004219549638717416,2.631383781164774e-05,7.192517602333218e-05,9.047891324870199e-05
2017-01-01 07:45:00,965.81,10.0,966.3,965.8,966.3,2.74661971,966.0471323257191,-0.0004139886774097157,-0.00041407439438028056,6.254649017021057e-05,5.014427902155184e-05,2.702838402560118e-05,0.00027743088561750815,1.3376067827164462e-05,0.00012570506321954406,9.831444322901486e-05
2017-01-01 08:00:00,964.98,59.0,965.81,962.6,965.81,131.39436422,964.1733931511088,-0.0008593822801585826,-0.0008597517608088905,6.250138911549435e-05,5.002156384396751e-05,2.694646792825971e-05,0.00017462513867756314,-2.633073912104617e-05,0.00014124054152976121,0.00010886085648257385
2017-01-01 08:15:00,965.7,12.0,965.7,964.97,964.97,12.84946853,965.1047412672331,0.0007461294534603091,0.0007458512372612477,6.240629710468834e-05,5.009925668118222e-05,2.6885808156625873e-05,0.00023504865186633824,-1.2941968318528373e-05,0.00011205046859914123,0.00011605335686757349
2017-01-01 08:30:00,965.85,20.0,965.86,965.47,965.7,4.82752575,965.7377413819494,0.0001553277415347054,0.0001553156794300971,6.270953320146905e-05,5.0113690547888456e-05,2.7021480730367163e-05,0.00015717734950276578,3.193575718069914e-05,0.00010964766853879645,0.00011201148552582786
2017-01-01 08:45:00,965.46,10.0,965.85,965.46,965.85,0.54633799,965.6538907096684,-0.0004037894082932203,-0.00040387095318839396,6.235742555739057e-05,5.008732535832049e-05,2.6990481236908078e-05,5.007753534380856e-05,1.985709833870914e-05,0.00011272925985625066,0.00011095494199565052
2017-01-01 09:00:00,965.81,7.0,965.81,965.4,965.41,2.15612972,965.4047232977239,0.00036252149234550224,0.000362455797306059,6.228744690863329e-05,5.0111121319051785e-05,2.7015699998425104e-05,0.0001813923349813498,3.4959423226461596e-05,8.083155010829466e-05,0.00011416549793399742
2017-01-01 09:15:00,965.99,9.0,965.99,965.37,965.81,4.75427057,965.8501986081745,0.0001863720607573338,0.00018635469564236634,6.233790628713255e-05,5.015147374536816e-05,2.6971985771089827e-05,0.000273051470778695,0.0001135961864969045,7.562095196844461e-05,0.00011497073126811143
2017-01-01 09:30:00,966.29,11.0,966.57,966.0,966.0,9.89232373,966.1884135338839,0.0003105622211410086,0.0003105140066765444,6.255391715733017e-05,5.016811320061667e-05,2.6811988876933204e-05,0.00011650607988110107,0.00010318505870073206,7.127018063586838e-05,0.00014954383747707565
2017-01-01 09:45:00,965.98,14.0,966.49,965.89,966.49,15.48577858,966.0713506359263,-0.00032081466226485666,-0.0003208661342975683,6.239975637211751e-05,5.013468964496068e-05,2.6849419659162997e-05,-0.00012671782645809327,6.431940994846136e-05,6.480181070763119e-05,0.0001642065290981489
2017-01-01 10:00:00,969.75,164.0,971.69,965.99,965.99,303.35896442,969.4035158775063,0.0039027723141265014,0.003895176255635277,6.307162561730012e-05,5.0540437171589355e-05,2.6912540083367432e-05,0.00020132574990703924,0.0002616257093611182,0.00014573497483040177,0.00021468496209732467
2017-01-01 10:15:00,972.1,148.0,973.79,969.25,971.32,216.81935681,971.7688533008617,0.002423304975509133,0.002420373506946729,6.369803756158825e-05,5.0792559411896306e-05,2.711339022127078e-05,0.0004667920208875221,0.00038842490630817977,0.00019183307054503323,0.00017488960709879722
2017-01-01 10:30:00,973.62,157.0,976.0,969.35,972.03,244.12454478,973.7720070305634,0.0015636251414463676,0.001562403952477001,6.430304760882419e-05,5.095530982361266e-05,2.723987094075894e-05,0.0006366568240582917,0.0005293058939651209,0.00020795120279213842,0.0001927880414651995
2017-01-01 10:45:00,977.01,164.0,978.02,973.81,975.31,297.53191216,975.9671372105659,0.0034818512355949682,0.003475803625435217,6.505339659024395e-05,5.131562776367504e-05,2.757998526100431e-05,0.0009608133257095831,0.0006191221056636499,0.0002464598144852772,0.00020041001995213558
2017-01-01 11:00:00,975.62,118.0,978.02,975.05,977.71,138.93982048,976.8165698722082,-0.001422708058259392,-0.001423721068294603,6.496085921202962e-05,5.11690684233148e-05,2.757739794963492e-05,0.0009138158834191071,0.0005442205110484393,0.0002254316749408192,0.0001851892382617857
2017-01-01 11:15:00,977.96,133.0,978.0,975.62,975.62,179.87252692,977.2303968358726,0.0023984748160144065,0.002395603066255908,6.520342885458535e-05,5.1420355376200885e-05,2.7779279051826222e-05,0.0010512952025019955,0.0006431719271842711,0.00027663528814511997,0.000200432930993262
2017-01-01 11:30:00,977.14,206.0,978.89,976.05,977.98,263.24461549,977.8730479049316,-0.0008384801014357235,-0.0008388318224971266,6.504906521531951e-05,5.1350428337435556e-05,2.7648509167720238e-05,0.0009684495773413936,0.0005628134634221839,0.00021796804985947738,0.00020038283758966338
2017-01-01 11:45:00,978.16,119.0,978.89,977.12,977.27,130.26467340000002,977.988750934276,0.0010438627013529267,0.0010433182555348035,6.571849449002253e-05,5.1441656046308984e-05,2.764668630425458e-05,0.0010890486780683265,0.0005695631067061718,0.00024810807752412436,0.00017802863079596464
2017-01-01 12:00:00,976.48,62.0,978.59,975.98,977.11,38.80230253,976.6136498613263,-0.0017175104277418196,-0.001718987039749744,6.536037219007467e-05,5.110740720564366e-05,2.7613318085209042e-05,0.0009155951083136764,0.0005484937216476174,0.0002457308303650412,0.00013229030344617172
2017-01-01 12:15:00,975.0,84.0,978.14,974.97,976.01,62.59478084,975.9028322074058,-0.0015156480419465934,-0.001516797798337656,6.4510741356708e-05,5.095114983324838e-05,2.7500794669190434e-05,0.0007736657338153412,0.0005233586022971223,0.0001830669305346182,0.0001378663836875642
2017-01-01 12:30:00,973.42,93.0,977.17,970.85,974.98,109.95694308,973.952369361034,-0.0016205128205128982,-0.001621827271662182,6.428938471938961e-05,5.088331849169741e-05,2.7510607768810193e-05,0.0006126372939537807,0.0003645716869175451,0.00015919703334114294,0.00013122978731547729
2017-01-01 12:45:00,973.32,73.0,974.19,971.29,972.39,81.17671321,973.0370197259265,-0.00010273057878396052,-0.00010273585593128853,6.422427726156822e-05,5.084122768119725e-05,2.749981288179295e-05,0.0006308148171509706,0.00025204849534654286,0.00013571692535332885,0.00012301845672051996
2017-01-01 13:00:00,974.5,14.0,975.25,973.98,973.98,23.08112458,974.4913535238495,0.001212345374594026,0.0012116110773616917,6.460783621391095e-05,5.092559966472219e-05,2.7562010337195616e-05,0.00040718438562817186,0.0003042550677677097,0.000156650409313186,0.00012659015343370142
2017-01-01 13:15:00,974.8,4.0,974.89,974.8,974.89,7.98513868,974.800633614693,0.00030785017957923877,0.00030780280343562546,6.484402604194412e-05,5.095940535061987e-05,2.7627966069896157e-05,0.00023113682700224658,0.0003489644239449885,0.00016737138120327566,0.00011834560102553971
2017-01-01 13:30:00,975.49,21.0,976.72,973.75,974.8,28.50685585,976.1918741025904,0.0007078375051292607,0.0007075871063165736,6.489518318647918e-05,5.106100260955529e-05,2.816854666275999e-05,0.00015990208982221096,0.0003982794569403555,0.00021229664737596688,0.000131550085987845
2017-01-01 13:45:00,976.89,35.0,978.51,975.5,977.12,22.79377897,977.4965601552776,0.0014351761678745856,0.0014341472868575338,6.517355147074986e-05,5.126445160713789e-05,2.7859528754571454e-05,-1.0235938392595982e-05,0.00047528869365859777,0.00024433238074284637,0.0001505863118917565
2017-01-01 14:00:00,976.55,16.0,978.0,976.51,976.58,21.59445707,976.9115945114845,-0.00034804328020554554,-0.0003481038613249691,6.535194951299898e-05,5.1252613573284963e-05,2.7780447579107086e-05,7.939882885487352e-05,0.0004966073561370946,0.00023513830850798944,0.00014372680799115895
2017-01-01 14:15:00,976.53,4.0,976.55,976.5,976.55,13.06911411,976.5094463713805,-2.048026214729326e-05,-2.0480471870725535e-05,6.534768274802592e-05,5.1152823388685956e-05,2.7625049027773368e-05,-0.00012194146598901261,0.0004646768682565956,0.00022586744996899887,0.0001431815469921017
2017-01-01 14:30:00,976.0,30.0,976.51,976.0,976.51,24.57090378,976.1907351783536,-0.0005427380623226341,-0.0005428853979369566,6.524917927709326e-05,5.1185206547934875e-05,2.768023773708712e-05,-9.727926394233179e-05,0.0004355851566996351,0.00023376045694013236,0.00014024437667980563
2017-01-01 14:45:00,978.45,48.0,978.49,976.0,976.0,56.59610483,977.9103461556703,0.0025102459016392853,0.0025071004971221494,6.577149188066038e-05,5.146206492074666e-05,2.7778140134929157e-05,2.4702589523280363e-05,0.0005568756337959077,0.00028836636606727363,0.00015308291429699236
2017-01-01 15:00:00,978.0,88.0,979.78,976.46,978.92,111.66181227,978.824067605599,-0.000459911083857123,-0.0004600168753973617,6.554431295647736e-05,5.1372279565513286e-05,2.754047940469143e-05,0.00012961676988597888,0.0005226059390999318,0.00027878268116316194,0.00014115734730736664
2017-01-01 15:15:00,978.0,93.0,979.79,977.08,978.16,152.03307059,979.1343042755943,0.0,0.0,6.553264211164518e-05,5.1435086273497404e-05,2.7615537221233274e-05,0.0002560165864141169,0.0005148411601148332,0.0003142186733058341,0.00013093511830523824
2017-01-01 15:30:00,979.88,44.0,979.89,978.0,978.0,45.35378519,979.5401812457828,0.0019222903885480758,0.0019204451527201028,6.619548712877662e-05,5.161419286630113e-05,2.778710159191008e-05,0.0005512059551126407,0.0005819216245333149,0.00034255334161698876,0.00013400648940528002
2017-01-01 15:45:00,981.96,131.0,982.0,979.81,979.9,150.62281176,981.0677199749897,0.002122708903131043,0.002120459139753288,6.626365674284193e-05,5.1875212298297276e-05,2.789482362246206e-05,0.0007364722047530221,0.0006836435109521007,0.00037398146045024625,0.00011796114767549448
2017-01-01 16:00:00,983.0,418.0,989.9,981.97,981.99,870.10712503,986.603264317446,0.0010591062772413729,0.00105854581987583,6.638214939747156e-05,5.2015154849757944e-05,2.801796256401183e-05,0.0007237167666292003,0.0005654505761287904,0.00041353814274491953,0.00012331164419416361
2017-01-01 16:15:00,987.17,305.0,987.38,976.24,983.0,794.08998263,981.5904061595013,0.004242115971515803,0.004233143563272168,6.712128540004502e-05,5.238803649144436e-05,2.811971221326605e-05,0.001050828496615579,0.000640982661809017,0.0005147037840585636,0.0001419966373740444
2017-01-01 16:30:00,998.93,767.0,999.0,986.14,987.08,2616.84774259,993.7663974808554,0.011912841759778026,0.011842442413022795,7.019517532191505e-05,5.362336909270197e-05,2.8766388819067846e-05,0.0019787331055077643,0.0010693175976650916,0.0007993117458150715,0.00020161613100606155
2017-01-01 16:45:00,996.29,323.0,998.2,990.12,998.2,476.00049812,993.9525486980556,-0.0026428278257735194,-0.002646326260431582,6.960296529653718e-05,5.338610420140687e-05,2.861316305147133e-05,0.001638693643233671,0.0008142288524206416,0.0007166754790421109,0.00019010995400874767
2017-01-01 17:00:00,997.01,120.0,997.04,993.37,996.23,144.87340797,995.4273160217805,0.0007226811470555372,0.0007224201387783197,6.922551505815787e-05,5.342470708415852e-05,2.8643545369079395e-05,0.0017279039765756116,0.0009036514027153467,0.0007239359568818581,0.00018395960784049463
2017-01-01 17:15:00,995.86,216.0,999.0,992.9,997.0,452.69836006,996.6593042298997,-0.0011534488119476771,-0.0011541145460045772,6.904334632643443e-05,5.330099708991988e-05,2.8544517431959726e-05,0.0016334344703977908,0.0007557465022044932,0.0006994592146943472,0.00018721093770888292
2017-01-01 17:30:00,996.6,134.0,997.49,993.41,995.8,138.83523687,995.8949613208015,0.000743076336031212,0.0007428003915007329,6.899421638035501e-05,5.337488251857825e-05,2.8252223979386687e-05,0.0017405749528509318,0.0008216478444544041,0.000692230653938259,0.00019135076650827465
2017-01-01 17:45:00,994.31,207.0,996.97,987.18,996.49,304.95072689,992.0428770878401,-0.0022978125627133306,-0.002300456585088422,6.84916667163701e-05,5.314048608632224e-05,2.801566997762711e-05,0.0013399451960000508,0.0006823238927617698,0.0006259434997339358,0.0001767674671168518
2017-01-01 18:00:00,996.99,141.0,998.5,993.68,993.75,212.46201580000002,997.0145241352816,0.0026953364644830557,0.0026917105590501,6.961790587723433e-05,5.3419127752988904e-05,2.8294182164783983e-05,0.0016025891488706727,0.00086610295937843,0.0007072983405129887,0.0001752575271391412
2017-01-01 18:15:00,998.99,113.0,998.99,993.81,996.92,224.79383372,997.3589112666393,0.0020060381749065215,0.0020040287671772507,7.012591225133712e-05,5.362788074956987e-05,2.8374281370642744e-05,0.0017695915461354436,0.0010128040662748844,0.0007680813342859683,0.0001805110358633405
2017-01-01 18:30:00,1001.2,315.0,1005.0,998.93,998.95,588.31081463,1001.1398868578137,0.002212234356700371,0.002209790969176229,7.065345622745736e-05,5.385806730885906e-05,2.8492071568465602e-05,0.0017937036975067874,0.0011724548263098182,0.0007685132566136466,0.0002052068457853167
2017-01-01 18:45:00,999.0,81.0,1001.9,998.0,1001.2,140.51106164,999.3160451981005,-0.0021973631642030478,-0.002199780909065722,6.9996639042585e-05,5.358356762245316e-05,2.8246411336214934e-05,0.0014336836934385365,0.0010850779490958833,0.0006685632222211781,0.00021647183516732352
2017-01-01 19:00:00,995.85,72.0,999.99,995.22,998.91,121.50824464,997.3296516514034,-0.003153153153153121,-0.0031581348152754387,7.225085067305977e-05,5.321623264491836e-05,2.808371865113347e-05,0.0010822936405092641,0.0009030052035693363,0.000603630135668488,0.00019323414115853484
2017-01-01 19:15:00,997.73,130.0,1001.3,995.25,995.84,265.25663760000003,998.53837302187,0.0018878345132298247,0.0018860547931810862,7.239830665123986e-05,5.3409209877169094e-05,2.8172983773074706e-05,0.0008867029096683406,0.0009687657031420637,0.0006588650635434911,0.00019037193490572483
2017-01-01 19:30:00,999.8,43.0,1001.6,998.0,998.0,84.28649113,999.4857231579938,0.00207470959077094,0.002072560353010662,7.27828033681715e-05,5.3625101580607704e-05,2.8276446754377035e-05,7.254607133399616e-05,0.001025639588420984,0.0007119595226806348,0.00021010814615078088
2017-01-01 19:45:00,999.52,30.0,1000.5,999.51,999.96,12.96478753,999.7596830028264,-0.0002800560112021788,-0.00028009523421014776,7.217258130964522e-05,5.356977764805204e-05,2.8383031600296167e-05,0.0002697319901857824,0.0009542128167098307,0.0007147507551841793,0.00020014087020104647
2017-01-01 20:00:00,1002.5,95.0,1002.5,999.5,999.5,176.80057509,1001.1118519073457,0.0029814310869218374,0.00297699543546459,7.291071266723893e-05,5.3878138416210915e-05,2.859112925040212e-05,0.00045761326490963817,0.001092758620742729,0.0007946829884398768,0.00021477973184902497
2017-01-01 20:15:00,1004.9,143.0,1004.9,1001.8,1002.5,145.01391456,1002.8891272580854,0.0023940149625933937,0.0023911538741886403,7.334400327795268e-05,5.412721694477223e-05,2.869048749866351e-05,0.0007530522999257397,0.0011932433851618693,0.0008289601267091974,0.0002356864596996456
2017-01-01 20:30:00,1001.2,135.0,1005.0,999.5,1004.9,202.34951752,1003.0726061585514,-0.0036819584038212394,-0.003688753497293828,7.235158414909997e-05,5.374471471183947e-05,2.846061620895435e-05,0.0003837561425261929,0.0010621655476886665,0.0007488753521941155,0.0002206514801630556
2017-01-01 20:45:00,1004.0,56.0,1004.8,1001.2,1003.1,165.29782413,1004.3241628713446,0.0027966440271673942,0.002792740694055351,7.286274073978821e-05,5.403213938389508e-05,2.873470899072598e-05,0.0008081892491215072,0.001074067222560883,0.0008154714281783603,0.00023188745650819977
2017-01-01 21:00:00,1005.5,67.0,1006.5,1004.4,1004.8,161.65609243,1005.1568210347779,0.0014940239043825798,0.0014929089610323419,7.287370690691396e-05,5.4189393627875756e-05,2.8557299038420113e-05,0.0007082891159533607,0.0011554391324121208,0.0008390225357559913,0.0002525876084575827
2017-01-01 21:15:00,1005.4,44.0,1005.5,1004.0,1005.0,86.55557320000001,1004.4373589364321,-9.945300845348726e-05,-9.945795423185023e-05,7.285004690723336e-05,5.427319302495628e-05,2.8583497950155184e-05,0.0005329985558359357,0.0011512950509857936,0.0008330681055502783,0.00027872580458274777
2017-01-01 21:30:00,1005.8,44.0,1006.5,1005.2,1005.2,224.05892411,1005.557886120776,0.00039785160135275,0.0003977724793895714,7.296231396592986e-05,5.434079821502188e-05,2.8138170022713923e-05,0.00038199701502038085,0.001087850356263688,0.0008348859903984664,0.0002816720321014298
2017-01-01 21:45:00,1004.6,93.0,1006.5,1004.5,1006.3,79.58209561,1005.119970581131,-0.001193080135215685,-0.0011937924219199833,7.284594863550167e-05,5.424611275275241e-05,2.8430952270025946e-05,0.0004658293889491924,0.0009497565411939685,0.0008167000260729994,0.00027660236191941645
2017-01-01 22:00:00,1004.1,82.0,1006.5,1004.1,1004.5,41.49140968,1005.2132383968934,-0.0004977105315548958,-0.0004978344305537693,7.306019596801442e-05,5.420647365628555e-05,2.8390706919091218e-05,0.0006875210876759983,0.0008849073640927351,0.0007251789701107277,0.00026739828387426667
2017-01-01 22:15:00,1004.6,38.0,1006.5,1004.1,1004.2,84.18655928,1005.144379125183,0.0004979583706801183,0.0004978344305536285,7.322874122020453e-05,5.427055149958969e-05,2.8556389569031587e-05,0.0005718360574570434,0.0007292694835627961,0.0006851260726858714,0.00026486099116500495
2017-01-01 22:30:00,1004.7,22.0,1004.7,1004.2,1004.6,21.600672600000003,1004.483772119346,9.954210631102356e-05,9.953715232430994e-05,7.350899903777341e-05,5.431933528599911e-05,2.8572339634455383e-05,0.00040741745739984736,0.00023998176436702592,0.0006546496810160236,0.0002533923249515525
2017-01-01 22:45:00,1004.6,29.0,1004.7,1004.0,1004.7,49.16052754,1004.1810192329554,-9.95321986663189e-05,-9.953715232430629e-05,7.35856658802013e-05,5.4247858187393576e-05,2.844706300892845e-05,0.00042246396422366753,0.00034609797720482906,0.0005801634148127001,0.00024238062573733192
2017-01-01 23:00:00,999.25,179.0,1005.8,997.0,1004.7,386.19382581,1000.2964572079275,-0.005325502687636874,-0.005339733724511439,7.257067066467965e-05,5.369512688144888e-05,2.8114374533676194e-05,-0.00027059679910766823,9.350823290108912e-05,0.0004985798178081827,0.0002026339921332114
2017-01-01 23:15:00,1000.0,80.0,1000.0,995.03,998.54,105.56057378,997.4868637072929,0.0007505629221915555,0.0007502813907040609,7.29722807590467e-05,5.374361178675449e-05,2.8197287986907407e-05,-0.0004073361727313832,0.00017285806359728238,0.0004643022829008525,0.00021239754542507744
2017-01-01 23:30:00,998.07,60.0,1001.6,995.08,1000.0,99.10119682,997.0024335096472,-0.0019299999999999873,-0.001931864849826405,7.308203023494767e-05,5.351794857992721e-05,2.7953667339215167e-05,-0.00026092878544243126,6.141367854198497e-05,0.00044153076149815927,0.0002022814984030207
2017-01-01 23:45:00,998.99,263.0,999.34,991.5,997.43,470.0476704,994.8858172127856,0.000921779033534742,0.0009213544561324096,7.324433659204312e-05,5.373087693418438e-05,2.7960613841677487e-05,-0.00041687763860267634,0.0001956558052595196,0.00043898984901060936,0.00021136778492012386
2017-01-02 00:00:00,997.99,65.0,999.5,997.33,999.24,145.81904745,998.9704044474388,-0.0010010110211313705,-0.0010015123672601745,7.29112357690977e-05,5.370692555130153e-05,2.7623842652128582e-05,-0.0006247460826270527,4.177151666325817e-05,0.00045393723802080875,0.00021169264429700722
2017-01-02 00:15:00,1002.3,70.0,1002.5,997.62,997.99,117.86624062,1000.5513876199872,0.004318680547901188,0.0043093818096375715,7.404317433811288e-05,5.408243314753234e-05,2.789354514220655e-05,-0.0002573427689712676,0.0001378278934324382,0.0005753159798536259,0.0002258279458694704
2017-01-02 00:30:00,1000.5,44.0,1002.5,997.31,1002.0,110.59953287,1000.132931696526,-0.0017958695001496494,-0.0017974840070324354,7.370132264714565e-05,5.3851537417330225e-05,2.78088044279941e-05,-0.00044028080950643485,-2.9141897242922817e-05,0.0005716564645334123,0.00023369699363326167
2017-01-02 00:45:00,999.99,11.0,1001.5,999.63,1001.5,15.72214106,1000.0092036272189,-0.0005097451274362896,-0.000509875091651389,7.332832383387973e-05,5.381937889522871e-05,2.833657382862594e-05,-0.0003832876986507186,4.127084514934107e-05,0.000563174397122577,0.00023643436930040977
2017-01-02 01:00:00,999.0,35.0,999.86,997.4,999.03,29.56040452,998.3289077338342,-0.0009900099000990092,-0.0009905002835832084,7.340357528928874e-05,5.357659155315864e-05,2.8162186274278353e-05,-0.0004243431864031718,0.00013158895063651731,0.0005172970771028916,0.00025684544553137683
2017-01-02 01:15:00,997.93,25.0,998.47,997.3,998.41,41.74644655,997.714044360159,-0.0010710710710710725,-0.0010716450775951742,7.329009697939007e-05,5.3456242427891175e-05,2.808309915919476e-05,-0.000555133145415572,8.351456020839807e-06,0.0004885585795814165,0.0002502781770644063
2017-01-02 01:30:00,1002.3,96.0,1002.5,997.3,997.32,142.12069064,999.4519173778057,0.004379064663854182,0.0043695044598622,7.354850703146184e-05,5.390616783496699e-05,2.841458802454836e-05,-0.00019930253645408116,0.00010405746047298722,0.0005648485244469505,0.0002878973116644001
2017-01-02 01:45:00,1002.4,37.0,1002.7,999.97,1002.3,47.20533549,1001.620699378785,9.977052778609163e-05,9.976555103800339e-05,7.344802562017412e-05,5.391656007986678e-05,2.839737210941617e-05,-0.00018269397784055535,0.00011988499319166017,0.0005370489049507102,0.00027892492835432473
2017-01-02 02:00:00,1002.1,53.0,1003.1,1000.5,1001.5,45.40984509,1002.0220945650442,-0.0002992817238627321,-0.00029932651757536715,7.358090910979168e-05,5.386445763110909e-05,2.8406884316919824e-05,0.00023733995607078397,-1.6628421518338023e-05,0.0005380650996121603,0.00025150179264872937
2017-01-02 02:15:00,1002.1,9.0,1002.4,1002.1,1002.1,9.55388176,1002.121572524883,0.0,0.0,7.358386874743737e-05,5.386097093911476e-05,2.821265851664339e-05,0.00017481650684544555,-0.0001162598329428647,0.000538491776109467,0.00026078279495435846
2017-01-02 02:30:00,1005.5,104.0,1007.5,1000.5,1002.1,91.92778033,1005.1239950696528,0.0033928749625784516,0.0033871321484234235,7.42836020451123e-05,5.424169400888439e-05,2.8389965039998487e-05,0.0006180662566995979,0.00017856873562868743,0.0006203671416586417,0.0002912262449475482
2017-01-02 02:45:00,1011.3,182.0,1011.5,1005.6,1005.6,284.67115737,1009.8558896108577,0.005768274490303371,0.005751701695418035,7.537831386456317e-05,5.4905369591104436e-05,2.877000081137286e-05,0.0010205951933067335,0.0003018587773521326,0.0006879629999564726,0.00035018603149002304
2017-01-02 03:00:00,1013.6,165.0,1013.8,1009.0,1011.5,170.93313593,1011.9483019153081,0.002274300405418872,0.0022717180988046665,7.551463727067637e-05,5.515945699975912e-05,2.9072971005330837e-05,0.001293364398812137,0.0003343091580926461,0.0007448741452523482,0.0003464526434305915
2017-01-02 03:15:00,1013.0,109.0,1015.0,1010.4,1012.1,157.2613033,1013.6049846986933,-0.0005919494869771613,-0.0005921247582459658,7.566020386386498e-05,5.5096032195219685e-05,2.901699442979753e-05,0.0008849055181551755,0.000313781374592058,0.0007325382127888906,0.0003363437947418368
2017-01-02 03:30:00,1012.0,106.0,1015.0,1011.0,1013.1,246.72295963,1013.8907786567963,-0.000987166831194486,-0.000987654401272541,7.550767781632319e-05,5.499315152842046e-05,2.8741654975330873e-05,0.0009523913186351668,0.00025605525456446997,0.0006719528054140439,0.00033619302800816164
2017-01-02 03:45:00,1013.1,88.0,1015.0,1011.5,1012.0,162.12796949,1014.1195231774011,0.0010869565217390686,0.0010863662122207896,7.599742312268892e-05,5.510980498920858e-05,2.8622479610912852e-05,0.0010854114272911817,0.0003510618643203355,0.0006504092027571168,0.00032945913288664547
2017-01-02 04:00:00,1014.3,124.0,1014.6,1010.5,1014.0,153.20490501,1012.8134376364833,0.0011844832691738638,0.0011837823223183356,7.614633336436262e-05,5.5138918203534554e-05,2.8717991157251108e-05,0.0012666016444496436,0.0004211292290233399,0.0006530182965580024,0.00034115906332577876
2017-01-02 04:15:00,1016.4,143.0,1016.4,1012.8,1014.6,102.76801011,1014.8231185885317,0.0020703933747412417,0.0020682530640590605,7.668381559276601e-05,5.541017165553041e-05,2.8898845895344954e-05,0.00152825982292083,0.0004865633387527329,0.0006079164111577294,0.00035736173352122775
2017-01-02 04:30:00,1015.9,80.0,1018.0,1014.2,1015.8,96.89361425,1016.5371550953779,-0.0004919323101141293,-0.0004920533485097558,7.660796204607977e-05,5.539032260773561e-05,2.8748418449577387e-05,0.0011231300055565003,0.0004619137345513136,0.0003509477494591346,0.0003493684368442648
2017-01-02 04:45:00,1015.0,49.0,1017.8,1014.1,1017.7,70.44303067,1016.1118837209726,-0.0008859139679101569,-0.0008863066216114871,7.635223556495535e-05,5.529974408506784e-05,2.8740556163845913e-05,0.001040957324502376,0.00042913167333101434,0.0003876148252678866,0.00036172083586681207
2017-01-02 05:00:00,1016.3,16.0,1016.8,1014.1,1014.1,25.70261229,1014.9234318862304,0.0012807881773397867,0.0012799686678329372,7.638805542192848e-05,5.543307415463378e-05,2.8826827196727258e-05,0.0011725652566197348,0.0007049526063453634,0.00039923041962319116,0.0003470345946456621
2017-01-02 05:15:00,1016.0,40.0,1016.3,1013.7,1015.2,60.8184733,1015.1678213874699,-0.00029518842861353534,-0.0002952320052934944,7.604278831756574e-05,5.531858976039204e-05,2.877491801613333e-05,0.0011479625895119436,0.0006613895481787985,0.00041712380588800535,0.0003422659688203155
2017-01-02 05:30:00,1013.1,20.0,1016.3,1013.1,1016.3,9.56680738,1014.2148506237618,-0.002854330708661368,-0.0028584120787954466,7.53409752018028e-05,5.498422731677646e-05,2.8663466257797155e-05,0.0006275005705770376,0.0006227834136384218,0.00034209854609016825,0.0003349935303970381
2017-01-02 05:45:00,1011.4,80.0,1014.0,1008.9,1013.1,139.12997283,1012.3540041930156,-0.0016780179646629367,-0.0016794274137490717,7.562385066945929e-05,5.489647761385061e-05,2.857243074305773e-05,8.239811479778645e-06,0.0005144175023933602,0.0003550366538264047,0.0003267399622382315
2017-01-02 06:00:00,1013.2,32.0,1014.8,1010.4,1012.0,7.00973744,1011.9441491015393,0.0017797112912794066,0.0017781294816374938,7.581669207286886e-05,5.5092167219210227e-05,2.8606248803367835e-05,-3.289257328415241e-05,0.0006302359127640963,0.0003360037147136421,0.0003333698620395901
2017-01-02 06:15:00,1014.8,90.0,1014.9,1012.0,1013.9,32.75372944,1013.5682276139612,0.0015791551519936942,0.0015779095976066635,7.609513011865482e-05,5.5198973001430785e-05,2.8688431594909846e-05,0.00014794362303690003,0.0005164245705961419,0.0003271262320142549,0.0003429583874338463
2017-01-02 06:30:00,1014.8,59.0,1014.9,1011.8,1014.8,126.58560412,1014.621492016473,0.0,0.0,7.600345037875237e-05,5.5186767434562374e-05,2.883821686342236e-05,0.00023024815647627842,0.0005913197375558267,0.0002810889201564168,0.00034038262263131345
2017-01-02 06:45:00,1016.7,64.0,1016.9,1014.8,1014.9,71.98251367,1015.5627470866149,0.0018722901064249786,0.001870539555988602,7.605929983248235e-05,5.534849311659824e-05,2.885088788013007e-05,0.0002955959351235961,0.000690503681207493,0.0003658872631783819,0.0002934529078688409
2017-01-02 07:00:00,1015.1,49.0,1016.9,1014.1,1016.6,64.38061812,1014.9906227922994,-0.0015737188944624503,-0.00157495849072992,7.558363444058459e-05,5.5236737947537744e-05,2.8818801718272503e-05,6.57008673695748e-05,0.0006661512559097133,0.00039887010327308015,0.00029061826935460695
2017-01-02 07:15:00,1015.5,23.0,1016.3,1014.7,1015.2,44.45361023,1015.1691052694733,0.000394049847305622,0.0003939722300539159,7.567456198461983e-05,5.5215016263711195e-05,2.8788486776170434e-05,-7.382253546418724e-05,0.0007272186437284252,0.0003677850498745975,0.00028459279162291426
2017-01-02 07:30:00,1015.7,71.0,1015.7,1015.0,1015.6,48.72739091,1015.4945001327793,0.0001969473165928104,0.0001969279250160914,7.570673863955751e-05,5.520242125290329e-05,2.879785205130499e-05,-1.6407429337033313e-05,0.0005533612881098374,0.0003287093742913772,0.0003134270069392655
2017-01-02 07:45:00,1018.2,107.0,1018.9,1015.6,1015.7,243.62604576,1017.6293836501827,0.0024613566998128444,0.0024583325227800724,7.717094270993676e-05,5.5456755304808144e-05,2.8804803388192625e-05,0.0002623124993622633,0.0006516349119324236,0.0003857599525620068,0.00031687231672605445
2017-01-02 08:00:00,1016.1,147.0,1018.8,1014.8,1018.2,231.47304835,1017.9846185644834,-0.002062463170300566,-0.002064592976399952,7.631747657603603e-05,5.504848441421001e-05,2.8633281505886864e-05,-1.640097099047744e-05,0.0005780821428147325,0.00028072686064816224,0.0003045429960512593
2017-01-02 08:15:00,1012.3,207.0,1018.0,1010.5,1016.4,389.21936298,1013.6556016673923,-0.0037397893908081015,-0.0037467998871298035,7.569961555312256e-05,5.465819275930066e-05,2.8534151682683447e-05,-0.0003040316278101699,0.00042196548085099076,0.000152852823954028,0.0002795967852719456
2017-01-02 08:30:00,1015.1,91.0,1017.5,1011.5,1012.3,109.20047789,1015.3610570486218,0.002765978464881913,0.0027621601856793352,7.630170497977548e-05,5.493200663189793e-05,2.872163544988583e-05,0.00016434939422939524,0.00039592498240332034,0.0002872468590159689,0.00029707837000058333
2017-01-02 08:45:00,1015.6,41.0,1016.2,1013.8,1014.8,33.29184366,1015.3490731512403,0.000492562309132083,0.0004924410401379506,7.639245671461153e-05,5.498504136532739e-05,2.884088074860156e-05,0.0003453384320533137,0.00017678912176665013,0.00023932394955935633,0.0003002950507685767
2017-01-02 09:00:00,1015.3,39.0,1016.2,1014.6,1016.1,17.34289274,1015.311981563578,-0.0002953918865695737,-0.00029543552334641073,7.641084171150766e-05,5.495252803989705e-05,2.8626022121362264e-05,0.00017254134830465502,6.982438751035524e-05,0.00020206677280146563,0.00028893240056569166
2017-01-02 09:15:00,1016.4,34.0,1016.4,1015.3,1015.3,14.93212061,1016.0181375283576,0.0010834236186350044,0.00108283713883212,7.664235504411791e-05,5.506532357519207e-05,2.8737554294039995e-05,0.00013128531007344305,0.0001396144665552755,0.00022669792057363166,0.00028958589572680195
2017-01-02 09:30:00,1020.3,195.0,1022.4,1016.3,1016.4,838.56273144,1020.0734021805304,0.003837072018890275,0.0038297292352505183,7.748463763362482e-05,5.546425370386399e-05,2.8953037059129236e-05,0.00045042941301098627,0.0003403387847437363,0.0002981970196540681,0.0003421379154053979
2017-01-02 09:45:00,1021.4,127.0,1022.3,1018.1,1021.9,357.85075187,1020.5087265798929,0.001078114280113729,0.0010775335322841088,7.803221087931889e-05,5.54809079042903e-05,2.888825778969764e-05,0.00038434557770227845,0.0003399707564130413,0.0003455163103666533,0.00034633292463921353
2017-01-02 10:00:00,1023.0,87.0,1024.1,1020.2,1021.7,74.18909317,1022.820789615833,0.001566477383982745,0.0015652517380829222,7.981394878638393e-05,5.55762268705958e-05,2.892274145312418e-05,0.0006460297634366819,0.00035586531540323236,0.00038849727221325104,0.0003533409420932503
2017-01-02 10:15:00,1023.0,116.0,1024.2,1021.6,1023.1,184.20480198,1023.0281608319392,0.0,0.0,8.045718887929525e-05,5.557969903494893e-05,2.8873085071497643e-05,0.0006131987442655223,0.0002696881044007715,0.00037812572157671704,0.00035236028329685036
2017-01-02 10:30:00,1024.8,129.0,1025.0,1022.1,1023.2,224.27839021,1024.6975681492604,0.0017595307917888103,0.001757984630897962,8.091035050213259e-05,5.583576463341676e-05,2.9229435681274648e-05,0.0007432868030890115,0.000363439686876093,0.00041267671071366815,0.0003656582692397479
2017-01-02 10:45:00,1024.4,130.0,1026.2,1023.9,1024.7,165.01877165,1025.2369260065632,-0.0003903200624510994,-0.0003903962571542012,8.082602028194244e-05,5.5803785355047624e-05,2.9073874230119792e-05,0.0005058927380944886,0.00038410261872847995,0.000406617146029712,0.00037497732328229836
2017-01-02 11:00:00,1027.7,157.0,1028.2,1024.5,1025.8,164.80394992,1026.626031014536,0.0032213978914485963,0.0032162203056571724,8.134324234740656e-05,5.605717910571984e-05,2.924405129058908e-05,0.0009459605115992491,0.0004647797703044897,0.0005848661883248915,0.00039604667940788856
2017-01-02 11:15:00,1028.8,137.0,1029.7,1027.6,1027.6,240.5995696,1028.868931351791,0.0010703512698257978,0.0010697788523275076,8.160805341985661e-05,5.617035052841616e-05,2.96707242579119e-05,0.0013473420732206915,0.0005216552227053648,0.0005915223854420466,0.00040189186911792474
2017-01-02 11:30:00,1031.1,184.0,1033.1,1028.7,1028.7,582.96922384,1030.1676551138016,0.0022356143079316215,0.002233119040543001,8.20642985971629e-05,5.640296709513939e-05,2.9611034420737112e-05,0.001303255311125997,0.0007338023526778001,0.0006782928831580758,0.0004091496213505476
2017-01-02 11:45:00,1034.5,100.0,1034.5,1030.7,1032.5,281.64783965,1033.6370718196663,0.0032974493259625426,0.0032920246616998084,8.237000214971865e-05,5.674415020515426e-05,2.978873759875506e-05,0.0015365539462561517,0.0009409461891548367,0.0007276818457740633,0.0004361401728510987
2017-01-02 12:00:00,1027.1,369.0,1035.0,1026.0,1034.4,381.60150672,1032.242079467563,-0.007153214113098216,-0.007178921013839163,8.077274279401173e-05,5.599808205845821e-05,2.9406808165510373e-05,0.0009629301553817556,0.0005677357518433093,0.0005989858323036677,0.000390271561411984
2017-01-02 12:15:00,1032.0,244.0,1032.0,1023.8,1026.6,281.79675996,1027.5617563424635,0.004770713659818959,0.004759369869749434,8.252487102045373e-05,5.6502530815179635e-05,2.974395377587383e-05,0.0012693078829581986,0.0007002965965159248,0.0006083605835559982,0.0004145134263876073
2017-01-02 12:30:00,1030.0,173.0,1032.8,1028.2,1032.0,253.79388065,1030.565719889074,-0.0019379844961240345,-0.0019398648178265917,8.157845105845626e-05,5.630393419068512e-05,2.9642025774644817e-05,0.000788508378535106,0.0006194688957731501,0.0006053943166644532,0.00039441876608536014
2017-01-02 12:45:00,1030.0,56.0,1030.9,1028.4,1030.4,97.86225744,1029.9045764811042,0.0,0.0,8.238489400761385e-05,5.629178050136685e-05,2.968581919527087e-05,0.0006987139175114302,0.0005415297476069583,0.0006160167144071905,0.0003810725084577229
2017-01-02 13:00:00,1028.0,72.0,1030.0,1027.5,1028.1,114.62616447,1029.6530644677252,-0.001941747572815511,-0.0019436352085710144,8.172480850775569e-05,5.608931850047404e-05,2.9710811819481348e-05,0.0004063066719569355,0.0005261682176969127,0.0005961597368032779,0.0003810240312674255
2017-01-02 13:15:00,1008.0,753.0,1028.4,1005.5,1028.4,1164.5654806,1016.9278691159884,-0.01945525291828798,-0.019646997383796536,7.746374826234735e-05,5.404275627299524e-05,2.8563095350040893e-05,-0.001230943110026109,-0.0003088721828801894,0.00020917323042408283,0.0002753173882286865
2017-01-02 13:30:00,1019.7,313.0,1020.4,1008.1,1008.2,563.08120736,1014.3773780940751,0.011607142857142927,0.011540296738866158,8.009592243010657e-05,5.5217095979047494e-05,2.9113210852249473e-05,-0.00041575043436209284,0.00016376818436356338,0.00035856473623666524,0.0003393467618426288
2017-01-02 13:45:00,1018.9,111.0,1021.4,1016.1,1019.7,165.29725547,1019.3978617695615,-0.0007845444738648899,-0.0007848523899403964,7.967149434871267e-05,5.50520613154741e-05,2.9033043815292718e-05,-0.00044862177876094246,2.863547966687718e-05,0.00034013519579961527,0.00034065885436724706
2017-01-02 14:00:00,1020.1,81.0,1020.8,1018.1,1020.8,185.69608591,1019.3530664073647,0.001177740700755825,0.0011770477082336808,8.05440649142236e-05,5.514519169151852e-05,2.9095240993192346e-05,-0.0006185528285462334,0.0001637038415266119,0.0003708929921706371,0.00034673473908729854
2017-01-02 14:15:00,1022.6,114.0,1022.6,1020.1,1020.1,201.16199562,1021.1377090033568,0.0024507401235172033,0.0024477419574255497,8.139399009795787e-05,5.522692900520663e-05,2.918703508975504e-05,-0.0005037225697880633,0.00042180975171641827,0.00042188761628366935,0.0003621581003672413
2017-01-02 14:30:00,1024.5,166.0,1024.9,1020.8,1022.6,381.70335393,1023.1795543387619,0.0018580089966750979,0.0018562850330555356,8.163322351498191e-05,5.531130121213605e-05,2.9220422656343746e-05,-0.0005351254037453519,0.00038406495369042664,0.00038999496804683833,0.0003718262515810722
2017-01-02 14:45:00,1028.1,153.0,1030.0,1024.1,1024.1,431.16659702,1027.7124522310937,0.0035139092240115133,0.0035077498697181947,8.266813445105646e-05,5.564211539828393e-05,2.943520105400049e-05,-0.0005171483030771532,0.0005097028215896034,0.0003432459716780917,0.00039015038227866995
2017-01-02 15:00:00,1027.8,133.0,1030.2,1027.4,1028.2,172.37304716,1029.3581760180157,-0.00029180040852050393,-0.0002918429905435462,8.252598833642556e-05,5.561171508676898e-05,2.9406630541427074e-05,5.677486553081495e-05,0.0005098525104563895,0.00028983844898333727,0.00036031525950113477
2017-01-02 15:15:00,1028.9,109.0,1030.0,1027.7,1027.7,183.0013678,1029.4490545854485,0.001070247129791868,0.0010696748236354039,8.285730497324397e-05,5.564193009633887e-05,2.9554221765180067e-05,-0.00025069972164535427,0.0005093040806565264,0.0003244592736058658,0.00036100137979102476
2017-01-02 15:30:00,1029.7,134.0,1030.0,1027.2,1028.0,137.11966897,1029.0029321767038,0.00077752940033049,0.00077722728094063,8.326650369403468e-05,5.562793925878525e-05,2.9427122768371598e-05,-2.4275380081419118e-05,0.00038211649922694776,0.00036122764198530686,0.00038238511466631226
2017-01-02 15:45:00,1029.9,100.0,1030.0,1029.0,1029.7,168.04258139,1029.8088141076546,0.00019423132951357225,0.00019421246905104557,8.269834860589952e-05,5.5743121736963e-05,2.9379423462794975e-05,-8.091007660498654e-06,0.0003453114549255701,0.0003426411056692705,0.00038704501712244526
2017-01-02 16:00:00,1032.5,179.0,1032.5,1029.9,1030.0,299.26663054,1031.0973583787154,0.0025245169433925074,0.002521335703431703,8.295603750189997e-05,5.59833098573117e-05,2.9559658846429517e-05,0.00036398990167306114,0.00038514828681510257,0.00037050680110913226,0.00038472971472169236
2017-01-02 16:15:00,1031.5,122.0,1033.2,1030.9,1032.1,235.75826865,1032.3574267382835,-0.0009685230024213398,-0.0009689923238813396,8.301272801038217e-05,5.585820055057759e-05,2.945849678891688e-05,0.0019204903233326607,0.0003447736066533801,0.00030723085552704057,0.000375828212838016
2017-01-02 16:30:00,1029.1,317.0,1031.7,1024.5,1031.5,499.07705875,1028.1321688297737,-0.002326708676684497,-0.0023294196692605646,8.22478365534134e-05,5.570018134313878e-05,2.8976628896974853e-05,0.000764680622655434,0.00017446509414677477,0.0002689523905113987,0.0003581089035917313
2017-01-02 16:45:00,1028.4,138.0,1030.2,1027.9,1028.8,285.52296808,1028.998164586455,-0.0006802060052470971,-0.0006804374503113839,8.219923562899685e-05,5.5776270566413244e-05,2.875613096367264e-05,0.0007733818676245184,0.00016238004443189217,0.0002732413315801509,0.00034763033711469963
2017-01-02 17:00:00,1025.7,149.0,1029.7,1025.3,1028.2,141.14327223,1027.4236872082047,-0.0026254375729288792,-0.002628890078369179,8.179286754364558e-05,5.550242784991645e-05,2.8702845100896575e-05,0.00045622038540761345,-8.116622156920581e-05,0.00019180677436760678,0.00033393820128986015
2017-01-02 17:15:00,1023.8,143.0,1026.9,1021.2,1025.0,130.98001471,1024.0896530903128,-0.0018523934873745374,-0.0018541112898824807,8.06380241304059e-05,5.532313423359139e-05,2.870505146431259e-05,9.773261479861094e-05,-0.000202994977494622,0.0001593301226053362,0.000328072598706806
2017-01-02 17:30:00,1025.5,163.0,1026.1,1021.5,1023.6,159.80434479,1023.9742308619614,0.0016604805626099228,0.0016591034889524643,8.112756179953753e-05,5.548038429461495e-05,2.8765869545092858e-05,8.130081945668833e-05,-0.00022691229214422769,0.000253445030266751,0.00031681355092093
2017-01-02 17:45:00,1026.7,121.0,1027.6,1024.3,1025.1,164.20305978,1026.2865678870721,0.0011701608971232957,0.0011694767924837087,8.130524036961947e-05,5.5533018641802205e-05,2.881090046057881e-05,-0.00011355527031285217,-0.00031535178669489847,0.00031279720122993394,0.0003239301730633444
2017-01-02 18:00:00,1028.1,92.0,1029.7,1026.7,1026.7,140.64724439,1028.1799861353263,0.0013635920911656552,0.0013626632437535543,8.138238175188592e-05,5.566631769083398e-05,2.8890693759111278e-05,2.4320249211906205e-05,4.054755737146471e-05,0.00030414165460735185,0.00034183540659774654
2017-01-02 18:15:00,1025.1,119.0,1028.3,1021.8,1028.2,270.41899977,1025.6316411511848,-0.0029180040852057054,-0.002922269759316987,8.079154539146085e-05,5.535672791195533e-05,2.870850603723511e-05,-0.0003083417993674597,-0.00027952076050630285,0.00021038791800477582,0.00032699393915264745
2017-01-02 18:30:00,1019.4,148.0,1026.8,1018.8,1025.1,264.60273973,1023.413093843456,-0.005560433128475206,-0.005575949883414434,8.022076146080079e-05,5.4777628663388e-05,2.84163286258621e-05,-0.0008377732297303817,-0.0004310243049057962,9.422229543364178e-05,0.00029114036665925163
2017-01-02 18:45:00,1020.2,108.0,1023.3,1020.0,1020.3,284.50432208,1021.9952180620174,0.0007847753580538797,0.0007844675828849615,8.036917470282555e-05,5.485761517231684e-05,2.8479232541448533e-05,-0.0007885853035775554,-0.0003983381556189228,7.15957959939826e-05,0.0002950640494171628
2017-01-02 19:00:00,1020.4,97.0,1021.8,1020.0,1020.2,149.47446937,1020.607692654812,0.00019603999215833667,0.00019602077883008675,8.041001236508182e-05,5.48140861883827e-05,2.8748521760647572e-05,-0.0009823615472943567,-0.00030918582281054356,0.0001084911974431494,0.0002961390190474218
2017-01-02 19:15:00,1020.1,77.0,1020.6,1020.0,1020.6,217.05452359,1020.3731124753008,-0.0002940023520188184,-0.0002940455791831143,7.981782945974648e-05,5.498061083597101e-05,2.8690675411078067e-05,-0.0009261159852361712,0.0004971871690483491,9.41574930840446e-05,0.00030217699905967963
2017-01-02 19:30:00,1017.2,103.0,1020.2,1017.0,1020.1,111.06144418,1018.5630074947311,-0.0028428585432800357,-0.002846907140508612,7.947651877432699e-05,5.451455190518917e-05,2.8458324373395224e-05,-0.0009692399411735086,-0.00010227965925893308,3.0744262552279934e-05,0.0002858345838868672
2017-01-02 19:45:00,1012.5,276.0,1017.1,1010.0,1017.1,497.20394372,1012.4968347247951,-0.004620526936689018,-0.0046312345672704334,7.848468564620884e-05,5.401657857067143e-05,2.8360565314760094e-05,-0.0012984730342534294,-0.0002625455833143513,-0.00011695505182377228,0.00027731517978545067
2017-01-02 20:00:00,997.91,710.0,1012.5,994.1,1012.5,1636.97977315,1000.79742031952,-0.01440987654320991,-0.014514707096444918,7.586003535091619e-05,5.247871329567798e-05,2.7773341063390204e-05,-0.002288957785759741,-0.0009163687001759596,-0.0003763324293247091,0.00021007949032323398
2017-01-02 20:15:00,1008.1,291.0,1010.0,998.0,998.0,471.92966796,1006.9912692670356,0.010211341704161825,0.010159558175646653,7.764635097868535e-05,5.353872817965738e-05,2.8612093871273395e-05,-0.0012878186636323134,-0.000595043024416747,-8.661663635019957e-05,0.000251811695728003
2017-01-02 20:30:00,1018.4,331.0,1019.0,1008.1,1008.2,815.03528001,1014.0324239385131,0.010217240353139534,0.01016539718330088,7.96201929532143e-05,5.459762371958456e-05,2.8856847209281563e-05,-0.0005789608557699454,-0.00024883001815652437,6.761746776691593e-05,0.0003033468368789105
2017-01-02 20:45:00,1023.7,329.0,1024.7,1016.5,1018.4,1068.66546316,1020.5234636583003,0.005204241948153943,0.0051907466825283225,8.064464612391587e-05,5.501573988693146e-05,2.9064934129147523e-05,-0.00024385503159956093,-0.00017870515095610236,0.00016549883531671535,0.0003332558682276319
2017-01-02 21:00:00,1015.0,269.0,1024.8,1013.9,1024.8,404.95480663,1018.7158608661708,-0.008498583569405138,-0.008534902449837444,7.879162780650287e-05,5.411633472414774e-05,2.859730010198133e-05,-0.0010686521727321441,-0.0005221659617600147,-6.156725651847835e-06,0.00027894103325343717
2017-01-02 21:15:00,1016.1,239.0,1016.7,1013.2,1015.5,343.74594704,1015.3303082492687,0.0010837438423645374,0.0010831570159480146,7.898133653686367e-05,5.423088897923308e-05,2.8695493914241648e-05,-0.0007348666081267273,-0.0005216042037469893,-6.150061545266697e-06,0.0002823092291367332
2017-01-02 21:30:00,1018.4,88.0,1018.4,1016.0,1016.0,82.22738364,1017.3750584280656,0.002263556736541661,0.00226099875136103,7.969515403423021e-05,5.449919769961326e-05,2.8862187629000504e-05,-8.178755522877201e-05,-0.0004597803924794726,-3.883194662629771e-05,0.00029138031101548755
2017-01-02 21:45:00,1015.9,147.0,1019.0,1015.4,1018.3,175.43168036,1017.5229886960824,-0.0024548311076197926,-0.002457849145697496,7.938112907544913e-05,5.417243154639363e-05,2.8795628869458672e-05,-0.0003519806159439768,-0.0005702829597606618,-0.00011248575241758114,0.00027863309868238694
2017-01-02 22:00:00,1018.8,121.0,1019.9,1016.0,1016.0,290.00936159,1018.2036085311566,0.002854611674377283,0.002850545007802562,8.004704911174962e-05,5.446073974989208e-05,2.8899555481044665e-05,-0.00013077026352960387,-0.000556565905411876,-8.570880929842198e-05,0.00029342560196395084
2017-01-02 22:15:00,1018.6,56.0,1019.9,1017.8,1019.1,74.18902103,1018.7458720525724,-0.00019630938358849992,-0.0001963286547976631,8.000614730866678e-05,5.455763058747717e-05,2.8945455757321726e-05,-0.00012262718649748295,-0.0005243715858667228,-8.979898960670662e-05,0.00029132146880019
2017-01-02 22:30:00,1022.7,215.0,1025.0,1018.6,1018.8,326.49586006,1022.3037991965741,0.004025132534851705,0.004017053361462808,8.158606655533558e-05,5.4981253533083844e-05,2.9036260494097743e-05,0.0004493695220001354,-0.0002599352095865823,-4.2735057719939e-05,0.00030813563420043405
2017-01-02 22:45:00,1020.1,72.0,1023.0,1018.2,1022.4,75.87476069,1020.8568138871182,-0.0025422900166226503,-0.00254552712349387,8.195876971023533e-05,5.47160944577199e-05,2.898645535756958e-05,0.0006231784756481824,-0.0003376472793025192,-8.763361743534877e-05,0.00028640168947304646
2017-01-02 23:00:00,1018.8,129.0,1020.1,1017.1,1020.0,146.62997264,1018.1557535338773,-0.001274384864229039,-0.0012751975831713173,8.147831909901389e-05,5.4581534718479094e-05,2.9001160660691594e-05,0.001726470935087649,-0.00028124342533594163,-0.00018120482345260897,0.0002819182144052824
2017-01-02 23:15:00,1020.0,28.0,1020.0,1018.8,1018.8,46.79598645,1019.3171297435923,0.0011778563015312216,0.0011771631730148311,8.146671601148718e-05,5.470588253999526e-05,2.9191098597561595e-05,0.0009779380182016637,-0.0001549403227152203,-0.00017896765010495642,0.00028837307659572697
2017-01-02 23:30:00,1021.1,33.0,1021.4,1019.7,1019.9,36.58256356,1020.4771629723914,0.001078431372549149,0.00107785028317565,8.22567466354333e-05,5.481643195349893e-05,2.9145380460149614e-05,0.000220642443191228,-0.00017915920628925426,-0.00020303574921677622,0.0002836889863246954
2017-01-02 23:45:00,1019.3,43.0,1022.0,1019.2,1021.1,52.59504498,1020.3247096653208,-0.0017628048183332412,-0.0017643603871252546,8.126330484892828e-05,5.46032956111009e-05,2.8969649602628873e-05,-0.00035894981261323675,-0.0003014024221062944,-0.0003083771044006317,0.00027660066697700265
2017-01-03 00:00:00,1020.7,31.0,1021.2,1019.2,1019.6,27.06278485,1020.0831673646843,0.0013734916118905982,0.0013725492350856962,8.139232509449635e-05,5.475317434635814e-05,2.90420277160532e-05,0.0004666711611303583,-0.0003009905058007885,-0.00013022147421469713,0.00029210810661866644
